Designator,Mid X,Mid Y,Rotation,Layer
J1,136.446138,-86.15,180.0,top
J2,136.431138,-83.65,180.0,top
J3,136.441138,-81.15,180.0,top
J4,136.446138,-78.65,180.0,top
J5,136.431138,-76.15,180.0,top
J6,136.446138,-73.65,180.0,top
J7,273.1,-79.95,180.0,top
