Ref,Val,Package,PosX,PosY,Rot,Side
"J1","2306334-3","TE_2306334-3",136.446138,-86.150000,180.000000,top
"J2","2306334-3","TE_2306334-3",136.431138,-83.650000,180.000000,top
"J3","2306334-3","TE_2306334-3",136.441138,-81.150000,180.000000,top
"J4","2306334-3","TE_2306334-3",136.446138,-78.650000,180.000000,top
"J5","2306334-3","TE_2306334-3",136.431138,-76.150000,180.000000,top
"J6","2306334-3","TE_2306334-3",136.446138,-73.650000,180.000000,top
"J7","Conn_01x06_Pin","PinSocket_1x06_P2.54mm_Vertical",273.100000,-86.300000,180.000000,top
